<?xml version="1.0" encoding="UTF-8"?>
<!DOCTYPE mapper PUBLIC "-//mybatis.org//DTD Mapper 3.0//EN" "http://mybatis.org/dtd/mybatis-3-mapper.dtd">
<mapper namespace="com.ican.mapper.CategoryMapper">

    <select id="selectCategoryBackVO" resultType="com.ican.model.vo.CategoryBackVO">
        SELECT c.id, c.category_name,COUNT( a.id ) AS article_count,c.create_time
        FROM t_category c
        LEFT JOIN t_article a
        ON c.id = a.category_id
        <where>
            <if test="keyword != null">
                category_name like concat('%',#{keyword},'%')
            </if>
        </where>
        GROUP BY c.id
        ORDER BY c.id DESC
        LIMIT #{limit},#{size}
    </select>

    <select id="selectCategoryVO" resultType="com.ican.model.vo.CategoryVO">
        SELECT c.id,
               c.category_name,
               COUNT(a.id) AS article_count
        FROM t_category c
                 LEFT JOIN (SELECT id, category_id FROM t_article WHERE is_delete = 0 AND `status` = 1) a
                           ON c.id = a.category_id
        GROUP BY c.id
    </select>

</mapper>