<?xml version="1.0" encoding="UTF-8"?>
<!DOCTYPE mapper PUBLIC "-//mybatis.org//DTD Mapper 3.0//EN" "http://mybatis.org/dtd/mybatis-3-mapper.dtd">
<mapper namespace="com.ican.mapper.RoleMenuMapper">

    <delete id="deleteRoleMenu" parameterType="string">
        delete from t_role_menu where role_id in
        <foreach collection="roleIdList" item="roleId" open="(" separator="," close=")">
            #{roleId}
        </foreach>
    </delete>

    <delete id="deleteRoleMenuByRoleId">
        delete
        from t_role_menu
        where role_id = #{roleId}
    </delete>

    <select id="selectMenuByRoleId" resultType="java.lang.Integer">
        select menu_id
        from t_role_menu
        where role_id = #{roleId}
    </select>

    <insert id="insertRoleMenu">
        insert into t_role_menu(role_id,menu_id) values
        <foreach collection="menuIdList" item="menuId" separator=",">
            (#{roleId},#{menuId})
        </foreach>
    </insert>
</mapper>
