<?xml version="1.0" encoding="UTF-8"?>
<!DOCTYPE mapper PUBLIC "-//mybatis.org//DTD Mapper 3.0//EN" "http://mybatis.org/dtd/mybatis-3-mapper.dtd">
<mapper namespace="com.ican.mapper.TalkMapper">

    <select id="selectTalkBackVO" resultType="com.ican.model.vo.TalkBackVO">
        SELECT
        t.id,
        nickname,
        avatar,
        talk_content,
        images,
        t.is_top,
        t.status,
        t.create_time
        FROM
        t_talk t
        INNER JOIN t_user u ON t.user_id = u.id
        <where>
            <if test="status != null">
                t.status = #{status}
            </if>
        </where>
        ORDER BY
        t.is_top DESC,
        t.id DESC
        LIMIT #{limit},#{size}
    </select>

    <select id="selectTalkBackById" resultType="com.ican.model.vo.TalkBackInfoVO">
        SELECT id,
               talk_content,
               images,
               is_top,
               status
        FROM t_talk
        WHERE id = #{talkId}
    </select>

    <select id="selectTalkById" resultType="com.ican.model.vo.TalkVO">
        SELECT t.id,
               nickname,
               avatar,
               talk_content,
               is_top,
               images,
               t.create_time
        FROM t_talk t
                 INNER JOIN t_user u ON t.user_id = u.id
        WHERE t.id = #{talkId}
          AND t.status = 1
    </select>

    <select id="selectTalkList" resultType="com.ican.model.vo.TalkVO">
        SELECT t.id,
               nickname,
               avatar,
               talk_content,
               images,
               t.is_top,
               t.create_time
        FROM t_talk t
                 INNER JOIN t_user u ON t.user_id = u.id
        WHERE t.status = 1
        ORDER BY t.is_top DESC,
                 t.id DESC
            LIMIT #{limit}, #{size}
    </select>
</mapper>
