<?xml version="1.0" encoding="UTF-8"?>
<!DOCTYPE mapper PUBLIC "-//mybatis.org//DTD Mapper 3.0//EN" "http://mybatis.org/dtd/mybatis-3-mapper.dtd">
<mapper namespace="com.ican.mapper.TaskMapper">

    <select id="countTaskBackVO" resultType="java.lang.Long">
        select count(id)
        from t_task
        <where>
            <if test="condition.keyword!=null">
                and task_name like concat('%',#{condition.keyword},'%')
            </if>
            <if test="condition.status!=null">
                and status = #{condition.status}
            </if>
            <if test="condition.taskGroup!=null">
                and task_group like concat('%',#{condition.taskGroup},'%')
            </if>
        </where>
    </select>

    <select id="selectTaskBackVO" resultType="com.ican.model.vo.TaskBackVO">
        select id,task_name,task_group,invoke_target,cron_expression,misfire_policy,concurrent,status,remark,create_time
        from t_task
        <where>
            <if test="condition.keyword!=null">
                and task_name like concat('%',#{condition.keyword},'%')
            </if>
            <if test="condition.status!=null">
                and status = #{condition.status}
            </if>
            <if test="condition.taskGroup!=null">
                and task_group like concat('%',#{condition.taskGroup},'%')
            </if>
        </where>
        ORDER BY id DESC
        LIMIT #{limit},#{size}
    </select>
</mapper>
