<?xml version="1.0" encoding="UTF-8"?>
<!DOCTYPE mapper PUBLIC "-//mybatis.org//DTD Mapper 3.0//EN" "http://mybatis.org/dtd/mybatis-3-mapper.dtd">
<mapper namespace="com.ican.mapper.TaskLogMapper">
    <select id="selectTaskLogCount" resultType="java.lang.Long">
        SELECT COUNT(*) from t_task_log
        <where>
            <if test="condition.keyword != null">
                AND task_name like concat('%', #{condition.keyword}, '%')
            </if>
            <if test="condition.taskGroup != null">
                AND task_group like concat('%', #{condition.taskGroup}, '%')
            </if>
            <if test="condition.status != null">
                AND status = #{condition.status}
            </if>
        </where>
    </select>

    <select id="selectTaskLogVOList" resultType="com.ican.model.vo.TaskLogVO">
        SELECT * from t_task_log
        <where>
            <if test="condition.keyword != null">
                AND task_name like concat('%', #{condition.keyword}, '%')
            </if>
            <if test="condition.taskGroup != null">
                AND task_group like concat('%', #{condition.taskGroup}, '%')
            </if>
            <if test="condition.status != null">
                AND status = #{condition.status}
            </if>
        </where>
        ORDER BY create_time desc
        LIMIT #{limit},#{size}
    </select>
</mapper>
